timestamp,query,impl,rows,pid,state,nlwp,process_cpu_percent,active_threads_gt1pct,thread_cpu_sum,observed_cpus
1782440881,Q6,HE3DB,1024,2894416,R,1,0.0,0,0.0,1
1782440891,Q6,HE3DB,1024,2894416,R,1,101,1,101.0,1
1782440901,Q6,HE3DB,1024,2894416,R,1,101,1,101.0,1
1782440911,Q6,HE3DB,1024,2894416,R,1,101,1,101.0,1
1782440921,Q6,HE3DB,1024,2894416,Rl,96,1917,96,9277.3,95
1782440931,Q6,HE3DB,1024,2894416,Rl,96,2576,96,6605.9,95
1782440942,Q6,HE3DB,1024,2894416,Rl,96,2128,96,4360.6,95
1782440952,Q6,HE3DB,1024,2894416,Rl,96,1843,96,3267.1,95
1782440962,Q6,HE3DB,1024,2894416,Rl,96,1628,96,2619.5,95
1782440972,Q6,HE3DB,1024,2894416,Rl,96,1460,96,2191.6,95
1782440982,Q6,HE3DB,1024,2894416,Rl,96,1325,96,1888.2,95
1782440992,Q6,HE3DB,1024,2894416,Rl,96,1215,96,1661.1,95
1782441002,Q6,HE3DB,1024,2894416,Rl,96,1123,96,1485.3,95
1782441012,Q6,HE3DB,1024,2894416,Rl,96,1045,96,1345.2,95
1782441022,Q6,HE3DB,1024,2894416,Rl,96,978,96,1230.4,95
1782441032,Q6,ETHMSB,1024,2897157,R,1,0.0,0,0.0,1
1782441043,Q6,ETHMSB,1024,2897157,R,1,101,1,101.0,1
1782441053,Q6,ETHMSB,1024,2897157,R,1,101,1,101.0,1
1782441063,Q6,ETHMSB,1024,2897157,R,1,101,1,101.0,1
1782441073,Q6,ETHMSB,1024,2897157,Rl,96,1945,96,9403.5,95
1782441083,Q6,ETHMSB,1024,2897157,Rl,96,1891,96,5068.7,95
1782441093,Q6,ETHMSB,1024,2897157,Rl,96,1592,96,3292.9,95
1782441103,Q6,ETHMSB,1024,2897157,Rl,96,1379,96,2450.3,95
1782441113,Q6,ETHMSB,1024,2897157,Rl,96,1204,96,1921.4,95
1782441124,Q6,ETHMSB,1024,2897157,Rl,96,1083,96,1610.9,95
1782441134,Q6,ETHMSB,1024,2897157,Rl,96,986,96,1391.8,95
1782441144,Q6,ETHMSB,1024,2897157,Rl,96,906,96,1228.3,95
1782441154,Q6,ETHMSB,1024,2897157,Rl,96,839,96,1100.9,95
1782441164,Q6,ETHMSB,1024,2897157,Rl,96,783,96,999.0,95
1782441174,Q6,ETHMSB,1024,2897157,Rl,96,735,96,916.5,95
1782441184,Q6,HE3DB,2048,2899959,R,1,0.0,0,0.0,1
1782441194,Q6,HE3DB,2048,2899959,R,1,101,1,101.0,1
1782441204,Q6,HE3DB,2048,2899959,R,1,96.4,1,96.6,1
1782441215,Q6,HE3DB,2048,2899959,R,1,97.9,1,98.0,1
1782441225,Q6,HE3DB,2048,2899959,Rl,96,1887,96,9339.4,94
1782441235,Q6,HE3DB,2048,2899959,Rl,96,3414,96,9504.5,94
1782441245,Q6,HE3DB,2048,2899959,Rl,96,3980,96,8548.4,92
1782441255,Q6,HE3DB,2048,2899959,Rl,96,3433,96,6323.6,92
1782441265,Q6,HE3DB,2048,2899959,Rl,96,3022,96,4924.5,92
1782441275,Q6,HE3DB,2048,2899959,Rl,96,2671,96,4105.8,92
1782441286,Q6,HE3DB,2048,2899959,Rl,96,2419,96,3524.6,92
1782441296,Q6,HE3DB,2048,2899959,Rl,96,2212,96,3090.8,92
1782441306,Q6,HE3DB,2048,2899959,Rl,96,2039,96,2753.7,92
1782441316,Q6,HE3DB,2048,2899959,Rl,96,1892,96,2485.8,92
1782441326,Q6,HE3DB,2048,2899959,Rl,96,1766,96,2266.0,92
1782441336,Q6,HE3DB,2048,2899959,Rl,96,1657,96,2083.7,92
1782441346,Q6,HE3DB,2048,2899959,Rl,96,1561,96,1929.7,92
1782441356,Q6,ETHMSB,2048,2903189,R,1,0.0,1,9.0,1
1782441367,Q6,ETHMSB,2048,2903189,R,1,92.3,1,92.7,1
1782441377,Q6,ETHMSB,2048,2903189,R,1,96.4,1,96.6,1
1782441387,Q6,ETHMSB,2048,2903189,R,1,97.9,1,98.0,1
1782441397,Q6,ETHMSB,2048,2903189,Rl,96,1901,96,9400.6,95
1782441407,Q6,ETHMSB,2048,2903189,Rl,96,3409,96,9479.8,94
1782441417,Q6,ETHMSB,2048,2903189,Rl,96,3062,96,6551.1,95
1782441427,Q6,ETHMSB,2048,2903189,Rl,96,2645,96,4852.0,95
1782441437,Q6,ETHMSB,2048,2903189,Rl,96,2302,96,3782.4,95
1782441448,Q6,ETHMSB,2048,2903189,Rl,96,2063,96,3157.6,95
1782441458,Q6,ETHMSB,2048,2903189,Rl,96,1871,96,2713.6,95
1782441468,Q6,ETHMSB,2048,2903189,Rl,96,1713,96,2382.3,95
1782441478,Q6,ETHMSB,2048,2903189,Rl,96,1581,96,2125.1,95
1782441488,Q6,ETHMSB,2048,2903189,Rl,96,1468,96,1920.2,95
1782441498,Q6,ETHMSB,2048,2903189,Rl,96,1372,96,1752.8,95
1782441508,Q6,ETHMSB,2048,2903189,Rl,96,1288,96,1613.2,95
1782441518,Q6,HE3DB,4096,2906400,R,1,0.0,0,0.0,1
1782441528,Q6,HE3DB,4096,2906400,R,1,92.3,1,92.6,1
1782441539,Q6,HE3DB,4096,2906400,R,1,96.5,1,96.6,1
1782441549,Q6,HE3DB,4096,2906400,R,1,98.0,1,98.0,1
1782441559,Q6,HE3DB,4096,2906400,Sl,96,1938,96,9509.9,90
1782441569,Q6,HE3DB,4096,2906400,Rl,96,3381,96,9431.6,95
1782441579,Q6,HE3DB,4096,2906400,Rl,96,4412,96,9486.0,94
1782441589,Q6,HE3DB,4096,2906400,Rl,96,5135,96,9494.6,94
1782441599,Q6,HE3DB,4096,2906400,Rl,96,5606,96,9316.0,93
1782441610,Q6,HE3DB,4096,2906400,Rl,96,5147,96,7967.1,94
1782441620,Q6,HE3DB,4096,2906400,Rl,96,4652,96,6826.2,94
1782441630,Q6,HE3DB,4096,2906400,Rl,96,4246,96,5974.1,94
1782441640,Q6,HE3DB,4096,2906400,Rl,96,3906,96,5313.5,94
1782441650,Q6,HE3DB,4096,2906400,Rl,96,3618,96,4785.9,94
1782441660,Q6,HE3DB,4096,2906400,Rl,96,3370,96,4355.8,94
1782441670,Q6,HE3DB,4096,2906400,Rl,96,3155,96,3998.3,94
1782441680,Q6,HE3DB,4096,2906400,Rl,96,2966,96,3695.7,94
1782441690,Q6,HE3DB,4096,2906400,Rl,96,2784,96,3412.8,94
1782441701,Q6,HE3DB,4096,2906400,Rl,96,2637,96,3191.1,94
1782441711,Q6,ETHMSB,4096,2910182,R,1,0.0,0,0.0,1
1782441721,Q6,ETHMSB,4096,2910182,R,1,101,1,101.0,1
1782441731,Q6,ETHMSB,4096,2910182,R,1,101,1,101.0,1
1782441741,Q6,ETHMSB,4096,2910182,R,1,101,1,101.0,1
1782441751,Q6,ETHMSB,4096,2910182,Rl,96,1695,96,9265.9,94
1782441761,Q6,ETHMSB,4096,2910182,Rl,96,3181,96,8696.2,93
1782441772,Q6,ETHMSB,4096,2910182,Rl,96,4182,96,9014.4,94
1782441782,Q6,ETHMSB,4096,2910182,Sl,96,4876,96,9019.4,91
1782441792,Q6,ETHMSB,4096,2910182,Rl,96,4400,96,7353.6,94
1782441802,Q6,ETHMSB,4096,2910182,Rl,96,3928,96,6102.1,94
1782441812,Q6,ETHMSB,4096,2910182,Rl,96,3549,96,5218.4,94
1782441822,Q6,ETHMSB,4096,2910182,Rl,96,3238,96,4561.7,94
1782441832,Q6,ETHMSB,4096,2910182,Rl,96,2979,96,4054.4,94
1782441842,Q6,ETHMSB,4096,2910182,Rl,96,2738,96,3613.1,94
1782441853,Q6,ETHMSB,4096,2910182,Rl,96,2552,96,3290.7,94
1782441863,Q6,ETHMSB,4096,2910182,Rl,96,2391,96,3022.8,94
1782441873,Q6,ETHMSB,4096,2910182,Rl,96,2250,96,2795.1,94
1782441883,Q6,ETHMSB,4096,2910182,Rl,96,2125,96,2601.1,94
1782441893,Q6,HE3DB,8192,2913714,R,1,0.0,0,0.0,1
1782441903,Q6,HE3DB,8192,2913714,R,1,101,1,101.0,1
1782441913,Q6,HE3DB,8192,2913714,R,1,101,1,101.0,1
1782441923,Q6,HE3DB,8192,2913714,R,1,101,1,101.0,1
1782441933,Q6,HE3DB,8192,2913714,Rl,96,1928,96,9281.9,94
1782441944,Q6,HE3DB,8192,2913714,Rl,96,3226,96,8979.2,93
1782441954,Q6,HE3DB,8192,2913714,Rl,96,4253,96,9160.5,93
1782441964,Q6,HE3DB,8192,2913714,Rl,96,5006,96,9284.6,95
1782441974,Q6,HE3DB,8192,2913714,Rl,96,5578,96,9348.1,94
1782441984,Q6,HE3DB,8192,2913714,Rl,96,6017,96,9234.3,94
1782441995,Q6,HE3DB,8192,2913714,Rl,96,6310,96,9281.2,93
1782442005,Q6,HE3DB,8192,2913714,Rl,96,6601,96,9322.0,94
1782442015,Q6,HE3DB,8192,2913714,Rl,96,6848,96,9350.5,93
1782442025,Q6,HE3DB,8192,2913714,Sl,96,6925,96,9196.6,85
1782442035,Q6,HE3DB,8192,2913714,Rl,96,6511,96,8376.2,78
1782442046,Q6,HE3DB,8192,2913714,Rl,96,6090,96,7734.1,87
1782442056,Q6,HE3DB,8192,2913714,Rl,96,5722,96,7146.5,87
1782442066,Q6,HE3DB,8192,2913714,Rl,96,5397,96,6643.4,87
1782442076,Q6,HE3DB,8192,2913714,Rl,96,5108,96,6206.7,87
1782442086,Q6,HE3DB,8192,2913714,Rl,96,4848,96,5824.3,87
1782442096,Q6,HE3DB,8192,2913714,Rl,96,4614,96,5487.3,87
1782442106,Q6,HE3DB,8192,2913714,Rl,96,4403,96,5187.2,87
1782442116,Q6,HE3DB,8192,2913714,Rl,96,4210,96,4920.4,87
1782442126,Q6,HE3DB,8192,2913714,Rl,96,4016,96,4655.4,87
1782442137,Q6,HE3DB,8192,2913714,Rl,96,3856,96,4438.7,87
1782442147,Q6,ETHMSB,8192,2918575,R,1,0.0,0,0.0,1
1782442157,Q6,ETHMSB,8192,2918575,R,1,101,1,101.0,1
1782442167,Q6,ETHMSB,8192,2918575,R,1,101,1,101.0,1
1782442177,Q6,ETHMSB,8192,2918575,R,1,101,1,101.0,1
1782442187,Q6,ETHMSB,8192,2918575,Rl,96,1884,96,10314.9,94
1782442197,Q6,ETHMSB,8192,2918575,Sl,96,3278,96,9421.5,91
1782442207,Q6,ETHMSB,8192,2918575,Rl,96,4235,96,9133.0,94
1782442218,Q6,ETHMSB,8192,2918575,Rl,96,4996,96,9265.4,94
1782442228,Q6,ETHMSB,8192,2918575,Rl,96,5568,96,9338.6,94
1782442238,Q6,ETHMSB,8192,2918575,Rl,96,5972,96,9322.5,94
1782442249,Q6,ETHMSB,8192,2918575,Rl,96,6269,96,9226.1,94
1782442259,Q6,ETHMSB,8192,2918575,Rl,96,6268,96,8841.7,94
1782442269,Q6,ETHMSB,8192,2918575,Rl,96,5765,96,7862.3,92
1782442279,Q6,ETHMSB,8192,2918575,Rl,96,5336,96,7077.5,92
1782442289,Q6,ETHMSB,8192,2918575,Rl,96,4967,96,6436.9,92
1782442299,Q6,ETHMSB,8192,2918575,Rl,96,4647,96,5904.1,92
1782442309,Q6,ETHMSB,8192,2918575,Rl,96,4366,96,5453.9,92
1782442319,Q6,ETHMSB,8192,2918575,Rl,96,4118,96,5032.8,92
1782442330,Q6,ETHMSB,8192,2918575,Rl,96,3876,96,4703.0,92
1782442340,Q6,ETHMSB,8192,2918575,Rl,96,3681,96,4415.4,92
1782442350,Q6,ETHMSB,8192,2918575,Rl,96,3504,96,4160.9,92
1782442360,Q6,ETHMSB,8192,2918575,Rl,96,3344,96,3934.9,92
1782442370,Q6,HE3DB,16384,2922528,R,1,0.0,0,0.0,1
1782442380,Q6,HE3DB,16384,2922528,R,1,101,1,101.0,1
1782442390,Q6,HE3DB,16384,2922528,R,1,101,1,101.0,1
1782442400,Q6,HE3DB,16384,2922528,R,1,101,1,101.0,1
1782442410,Q6,HE3DB,16384,2922528,Rl,96,1896,96,9332.8,93
1782442421,Q6,HE3DB,16384,2922528,Rl,96,3377,96,9383.9,93
1782442431,Q6,HE3DB,16384,2922528,Rl,96,4373,96,9387.3,93
1782442441,Q6,HE3DB,16384,2922528,Dl,96,4758,96,8807.0,91
1782442451,Q6,HE3DB,16384,2922528,Rl,96,5339,96,8957.3,93
1782442461,Q6,HE3DB,16384,2922528,Rl,96,5801,96,8902.6,93
1782442472,Q6,HE3DB,16384,2922528,Rl,96,6109,96,8993.2,93
1782442482,Q6,HE3DB,16384,2922528,Rl,96,6411,96,9054.8,93
1782442492,Q6,HE3DB,16384,2922528,Rl,96,6666,96,9106.4,93
1782442502,Q6,HE3DB,16384,2922528,Rl,96,6831,96,9058.3,93
1782442513,Q6,HE3DB,16384,2922528,Rl,96,7020,96,9100.1,93
1782442523,Q6,HE3DB,16384,2922528,Rl,96,7184,96,9135.0,93
1782442533,Q6,HE3DB,16384,2922528,Rl,96,7327,96,9164.7,93
1782442544,Q6,HE3DB,16384,2922528,Rl,96,7408,96,9120.2,93
1782442554,Q6,HE3DB,16384,2922528,Rl,96,7523,96,9147.0,93
1782442564,Q6,HE3DB,16384,2922528,Rl,96,7625,96,9165.4,92
1782442574,Q6,HE3DB,16384,2922528,Rl,96,7716,96,9184.4,92
1782442584,Q6,HE3DB,16384,2922528,Rl,96,7764,96,9154.2,93
1782442595,Q6,HE3DB,16384,2922528,Rl,96,7830,96,9156.6,92
1782442605,Q6,HE3DB,16384,2922528,Sl,96,7614,96,8837.7,86
1782442615,Q6,HE3DB,16384,2922528,Rl,96,7388,96,8522.6,93
1782442625,Q6,HE3DB,16384,2922528,Rl,96,7158,96,8203.2,93
1782442635,Q6,HE3DB,16384,2922528,Rl,96,6891,96,7853.9,93
1782442645,Q6,HE3DB,16384,2922528,Rl,96,6620,96,7502.1,93
1782442656,Q6,HE3DB,16384,2922528,Rl,96,6392,96,7209.9,93
1782442666,Q6,HE3DB,16384,2922528,Rl,96,6180,96,6939.8,93
1782442676,Q6,HE3DB,16384,2922528,Rl,96,5981,96,6688.9,93
1782442686,Q6,HE3DB,16384,2922528,Rl,96,5795,96,6455.6,93
1782442696,Q6,HE3DB,16384,2922528,Rl,96,5620,96,6238.2,93
1782442706,Q6,HE3DB,16384,2922528,Rl,96,5456,96,6035.9,93
1782442716,Q6,HE3DB,16384,2922528,Rl,96,5301,96,5846.0,93
1782442726,Q6,HE3DB,16384,2922528,Rl,96,5155,96,5667.9,93
1782442736,Q6,ETHMSB,16384,2927787,R,1,0.0,0,0.0,1
1782442747,Q6,ETHMSB,16384,2927787,R,1,101,1,102.0,1
1782442757,Q6,ETHMSB,16384,2927787,R,1,101,1,101.0,1
1782442767,Q6,ETHMSB,16384,2927787,R,1,101,1,101.0,1
1782442777,Q6,ETHMSB,16384,2927787,Rl,96,1668,96,9110.3,93
1782442787,Q6,ETHMSB,16384,2927787,Rl,96,3223,96,9290.1,93
1782442797,Q6,ETHMSB,16384,2927787,Rl,96,4268,96,9311.7,94
1782442808,Q6,ETHMSB,16384,2927787,Rl,96,4725,96,8758.5,93
1782442818,Q6,ETHMSB,16384,2927787,Rl,96,5327,96,8931.6,94
1782442828,Q6,ETHMSB,16384,2927787,Rl,96,5778,96,9018.1,93
1782442838,Q6,ETHMSB,16384,2927787,Rl,96,6151,96,8964.6,93
1782442849,Q6,ETHMSB,16384,2927787,Rl,96,6397,96,9033.3,93
1782442859,Q6,ETHMSB,16384,2927787,Rl,96,6557,96,8954.9,93
1782442869,Q6,ETHMSB,16384,2927787,Rl,96,6640,96,8818.1,91
1782442879,Q6,ETHMSB,16384,2927787,Rl,96,6717,96,8641.0,92
1782442890,Q6,ETHMSB,16384,2927787,Rl,96,6743,96,8570.5,92
1782442900,Q6,ETHMSB,16384,2927787,Rl,96,6809,96,8513.4,92
1782442910,Q6,ETHMSB,16384,2927787,Rl,96,6892,96,8492.9,91
1782442920,Q6,ETHMSB,16384,2927787,Rl,96,7031,96,8558.8,94
1782442930,Q6,ETHMSB,16384,2927787,Rl,96,7123,96,8564.3,94
1782442941,Q6,ETHMSB,16384,2927787,Sl,96,7116,96,8467.2,89
1782442951,Q6,ETHMSB,16384,2927787,Rl,96,6962,96,8215.8,94
1782442961,Q6,ETHMSB,16384,2927787,Rl,96,6687,96,7822.4,94
1782442971,Q6,ETHMSB,16384,2927787,Rl,96,6406,96,7438.0,93
1782442981,Q6,ETHMSB,16384,2927787,Rl,96,6147,96,7089.6,93
1782442991,Q6,ETHMSB,16384,2927787,Rl,96,5886,96,6743.1,93
1782443002,Q6,ETHMSB,16384,2927787,Rl,96,5668,96,6456.2,93
1782443012,Q6,ETHMSB,16384,2927787,Rl,96,5465,96,6193.4,93
1782443022,Q6,ETHMSB,16384,2927787,Rl,96,5277,96,5951.5,93
1782443032,Q6,ETHMSB,16384,2927787,Rl,96,5102,96,5727.5,93
1782443042,Q6,ETHMSB,16384,2927787,Rl,96,4938,96,5520.9,93
1782443052,Q6,ETHMSB,16384,2927787,Rl,96,4784,96,5328.5,93
1782443062,Q6,ETHMSB,16384,2927787,Rl,96,4640,96,5149.4,93
1782443072,Q14,HE3DB,1024,2932551,R,1,0.0,0,0.0,1
1782443082,Q14,HE3DB,1024,2932551,R,1,101,1,92.6,1
1782443092,Q14,HE3DB,1024,2932551,R,1,96.4,1,96.6,1
1782443103,Q14,HE3DB,1024,2932551,R,1,97.9,1,98.0,1
1782443113,Q14,HE3DB,1024,2932551,Rl,96,1760,96,8702.8,94
1782443123,Q14,HE3DB,1024,2932551,Rl,96,2466,96,6803.3,93
1782443133,Q14,HE3DB,1024,2932551,Rl,96,2078,96,4406.7,93
1782443143,Q14,HE3DB,1024,2932551,Rl,96,1799,96,3271.7,93
1782443153,Q14,HE3DB,1024,2932551,Rl,96,1590,96,2610.5,93
1782443163,Q14,HE3DB,1024,2932551,Rl,96,1426,96,2140.1,93
1782443174,Q14,HE3DB,1024,2932551,Rl,96,1282,96,1844.0,93
1782443184,Q14,HE3DB,1024,2932551,Rl,96,1177,96,1622.4,93
1782443194,Q14,HE3DB,1024,2932551,Rl,96,1088,96,1450.5,93
1782443204,Q14,HE3DB,1024,2932551,Rl,96,1014,96,1313.6,93
1782443214,Q14,HE3DB,1024,2932551,Rl,96,949,96,1201.8,93
1782443224,Q14,HE3DB,1024,2932551,Rl,96,893,96,1109.0,93
1782443234,Q14,HE3DB,1024,2932551,Rl,96,845,96,1030.0,93
1782443244,Q14,HE3DB,1024,2932551,Rl,96,801,96,963.2,93
1782443254,Q14,HE3DB,1024,2932551,Rl,96,759,96,899.1,93
1782443265,Q14,HE3DB,1024,2932551,Rl,96,725,96,849.3,93
1782443275,Q14,HE3DB,1024,2932551,Rl,96,694,96,805.5,93
1782443285,Q14,HE3DB,1024,2932551,Rl,96,666,96,765.5,93
1782443295,Q14,HE3DB,1024,2932551,Rl,96,641,96,730.2,93
1782443305,Q14,ETHMSB,1024,2936824,R,1,0.0,0,0.0,1
1782443315,Q14,ETHMSB,1024,2936824,R,1,101,1,101.0,1
1782443325,Q14,ETHMSB,1024,2936824,R,1,101,1,101.0,1
1782443335,Q14,ETHMSB,1024,2936824,R,1,101,1,101.0,1
1782443345,Q14,ETHMSB,1024,2936824,Rl,96,1836,96,9082.9,92
1782443356,Q14,ETHMSB,1024,2936824,Rl,96,1817,96,4965.2,93
1782443366,Q14,ETHMSB,1024,2936824,Rl,96,1536,96,3225.1,93
1782443376,Q14,ETHMSB,1024,2936824,Rl,96,1334,96,2400.9,93
1782443386,Q14,ETHMSB,1024,2936824,Rl,96,1181,96,1921.4,93
1782443396,Q14,ETHMSB,1024,2936824,Rl,96,1063,96,1606.1,93
1782443406,Q14,ETHMSB,1024,2936824,Rl,96,967,96,1383.2,93
1782443416,Q14,ETHMSB,1024,2936824,Rl,96,889,96,1217.6,93
1782443426,Q14,ETHMSB,1024,2936824,Rl,96,817,96,1078.8,93
1782443437,Q14,ETHMSB,1024,2936824,Rl,96,763,96,979.4,93
1782443447,Q14,ETHMSB,1024,2936824,Rl,96,716,96,898.3,93
1782443457,Q14,ETHMSB,1024,2936824,Rl,96,676,96,832.1,93
1782443467,Q14,ETHMSB,1024,2936824,Rl,96,640,96,772.9,93
1782443477,Q14,ETHMSB,1024,2936824,Rl,96,609,96,725.5,93
1782443487,Q14,ETHMSB,1024,2936824,Rl,96,581,96,682.1,93
1782443497,Q14,ETHMSB,1024,2936824,Rl,96,556,96,645.5,93
1782443507,Q14,ETHMSB,1024,2936824,Rl,96,533,96,614.0,93
1782443517,Q14,ETHMSB,1024,2936824,Rl,96,511,96,580.8,93
1782443528,Q14,ETHMSB,1024,2936824,Rl,96,492,96,555.5,93
1782443538,Q14,HE3DB,2048,2940504,R,1,0.0,0,0.0,1
1782443548,Q14,HE3DB,2048,2940504,R,1,101,1,102.0,1
1782443558,Q14,HE3DB,2048,2940504,R,1,101,1,101.0,1
1782443568,Q14,HE3DB,2048,2940504,R,1,101,1,101.0,1
1782443578,Q14,HE3DB,2048,2940504,Rl,96,1868,96,9019.4,94
1782443588,Q14,HE3DB,2048,2940504,Rl,96,3328,96,8781.3,91
1782443599,Q14,HE3DB,2048,2940504,Sl,96,3873,96,8034.7,88
1782443609,Q14,HE3DB,2048,2940504,Rl,96,3451,96,6199.1,93
1782443619,Q14,HE3DB,2048,2940504,Rl,96,3037,96,4952.8,93
1782443629,Q14,HE3DB,2048,2940504,Rl,96,2715,96,4129.6,93
1782443639,Q14,HE3DB,2048,2940504,Rl,96,2456,96,3544.0,93
1782443649,Q14,HE3DB,2048,2940504,Rl,96,2244,96,3107.7,93
1782443659,Q14,HE3DB,2048,2940504,Rl,96,2066,96,2769.6,93
1782443669,Q14,HE3DB,2048,2940504,Rl,96,1916,96,2499.5,93
1782443679,Q14,HE3DB,2048,2940504,Rl,96,1775,96,2258.3,93
1782443690,Q14,HE3DB,2048,2940504,Rl,96,1665,96,2077.8,93
1782443700,Q14,HE3DB,2048,2940504,Rl,96,1568,96,1926.1,93
1782443710,Q14,HE3DB,2048,2940504,Rl,96,1483,96,1795.5,93
1782443720,Q14,HE3DB,2048,2940504,Rl,96,1407,96,1682.6,93
1782443730,Q14,HE3DB,2048,2940504,Rl,96,1339,96,1581.7,93
1782443740,Q14,HE3DB,2048,2940504,Rl,96,1278,96,1495.4,93
1782443750,Q14,HE3DB,2048,2940504,Rl,96,1222,96,1417.7,93
1782443760,Q14,HE3DB,2048,2940504,Rl,96,1166,96,1340.9,92
1782443771,Q14,HE3DB,2048,2940504,Rl,96,1121,96,1278.8,92
1782443781,Q14,HE3DB,2048,2940504,Rl,96,1079,96,1223.2,92
1782443791,Q14,HE3DB,2048,2940504,Rl,96,1040,96,1171.0,92
1782443801,Q14,HE3DB,2048,2940504,Rl,96,1004,96,1124.8,92
1782443811,Q14,HE3DB,2048,2940504,Rl,96,971,96,1083.4,92
1782443821,Q14,HE3DB,2048,2940504,Rl,96,941,96,1038.7,92
1782443832,Q14,HE3DB,2048,2940504,Rl,96,909,96,1002.6,92
1782443842,Q14,HE3DB,2048,2940504,Rl,96,882,96,970.0,92
1782443852,Q14,HE3DB,2048,2940504,Rl,96,857,96,939.5,92
1782443862,Q14,HE3DB,2048,2940504,Rl,96,834,96,909.7,92
1782443872,Q14,ETHMSB,2048,2945640,R,1,0.0,0,0.0,1
1782443882,Q14,ETHMSB,2048,2945640,R,1,102,1,93.1,1
1782443893,Q14,ETHMSB,2048,2945640,R,1,96.8,1,97.0,1
1782443903,Q14,ETHMSB,2048,2945640,R,1,98.3,1,98.4,1
1782443913,Q14,ETHMSB,2048,2945640,Rl,96,1117,96,6133.9,75
1782443923,Q14,ETHMSB,2048,2945640,Rl,96,2283,96,6701.5,77
1782443933,Q14,ETHMSB,2048,2945640,Sl,96,2614,96,5792.3,63
1782443943,Q14,ETHMSB,2048,2945640,Rl,96,2229,96,4141.1,62
1782443954,Q14,ETHMSB,2048,2945640,Rl,96,1970,96,3297.0,62
1782443964,Q14,ETHMSB,2048,2945640,Rl,96,1767,96,2744.8,62
1782443974,Q14,ETHMSB,2048,2945640,Rl,96,1603,96,2354.4,62
1782443984,Q14,ETHMSB,2048,2945640,Rl,96,1469,96,2064.4,62
1782443994,Q14,ETHMSB,2048,2945640,Rl,96,1357,96,1840.7,62
1782444004,Q14,ETHMSB,2048,2945640,Rl,96,1262,96,1645.9,62
1782444015,Q14,ETHMSB,2048,2945640,Rl,96,1172,96,1503.9,62
1782444025,Q14,ETHMSB,2048,2945640,Rl,96,1102,96,1385.4,62
1782444035,Q14,ETHMSB,2048,2945640,Rl,96,1040,96,1284.9,62
1782444045,Q14,ETHMSB,2048,2945640,Rl,96,986,96,1199.9,62
1782444055,Q14,ETHMSB,2048,2945640,Rl,96,938,96,1125.1,62
1782444065,Q14,ETHMSB,2048,2945640,Rl,96,894,96,1060.2,62
1782444075,Q14,ETHMSB,2048,2945640,Rl,96,851,96,998.4,62
1782444086,Q14,ETHMSB,2048,2945640,Rl,96,816,96,947.8,62
1782444096,Q14,ETHMSB,2048,2945640,Rl,96,784,96,902.5,62
1782444106,Q14,ETHMSB,2048,2945640,Rl,96,755,96,862.6,62
1782444116,Q14,ETHMSB,2048,2945640,Rl,96,728,96,826.3,62
1782444126,Q14,HE3DB,4096,2949734,R,1,0.0,0,0.0,1
1782444136,Q14,HE3DB,4096,2949734,R,1,101,1,102.0,1
1782444146,Q14,HE3DB,4096,2949734,R,1,96.7,1,96.9,1
